Herbal Plant,Scientific Name,Uses,Description,Growing Conditions
Tulsi (Holy Basil),Ocimum tenuiflorum,Boosts immunity and relieves stress,"Tulsi, also known as Holy Basil, is a sacred plant in India known for its medicinal properties. It is often used in teas and as a home remedy for coughs and colds.",Prefers warm, sunny climates with well-drained soil
Ashwagandha,Withania somnifera,Reduces stress and anxiety,"Ashwagandha is an ancient medicinal herb, commonly used to reduce stress, improve concentration, and boost energy.",Thrives in sandy and loamy soil, and requires full sun
Aloe Vera,Aloe barbadensis miller,Heals skin burns and wounds,"Aloe Vera is known for its healing properties and is often used in skincare products. It is effective for treating burns, wounds, and dry skin.",Grows best in sandy soil and requires minimal watering
Brahmi,Bacopa monnieri,Improves memory and brain function,"Brahmi is a medicinal herb traditionally used to enhance brain function, reduce anxiety, and improve memory.",Prefers marshy and wet soil conditions
Neem,Azadirachta indica,Antibacterial and antifungal,"Neem is widely used in Ayurvedic medicine. Its antibacterial and antifungal properties make it useful in treating infections and promoting skin health.",Grows well in dry, poor-quality soil and requires little water
Turmeric,Curcuma longa,Anti-inflammatory and antioxidant,"Turmeric is a popular spice and medicinal herb known for its anti-inflammatory properties and its use in cooking.",Grows best in well-drained, moist soil in warm climates
Shatavari,Asparagus racemosus,Promotes women's health,"Shatavari is an Ayurvedic herb known for supporting women's health, boosting immunity, and improving digestion.",Grows well in sandy and loamy soil
Guggul,Commiphora wightii,Supports heart health,"Guggul is a resin extract used in Ayurvedic medicine to support heart health and lower cholesterol levels.",Prefers dry, arid soil conditions
Saffron,Crocus sativus,Boosts mood and enhances skin health,"Saffron is a prized spice, known for its ability to boost mood, improve skin, and act as an antioxidant.",Grows best in well-drained soil in a sunny environment
Fenugreek,Trigonella foenum-graecum,Improves digestion and lowers blood sugar,"Fenugreek is an herb used to improve digestion and reduce blood sugar levels. It is also commonly used in cooking.",Grows well in well-drained, loamy soil
Ginger,Zingiber officinale,Anti-inflammatory and aids digestion,"Ginger is widely known for its anti-inflammatory properties and its ability to improve digestion and reduce nausea.",Grows best in rich, moist, and well-drained soil
Ginseng,Panax ginseng,Boosts energy and supports immune function,"Ginseng is a popular medicinal plant used to boost energy, improve cognitive function, and support immune health.",Prefers cool, shaded environments with loamy soil
Astragalus,Astragalus membranaceus,Boosts immune system,"Astragalus is used in traditional Chinese medicine to strengthen the immune system, improve heart health, and fight infections.",Grows best in well-drained soil in sunny environments
Chamomile,Matricaria chamomilla,Promotes relaxation and sleep,"Chamomile is a soothing herb, often used in teas to promote relaxation and aid sleep.",Grows best in well-drained soil with full sun exposure
Sarpagandha,Rauvolfia serpentina,Treats hypertension,"Sarpagandha is an Ayurvedic herb used to treat high blood pressure and mental disorders.",Prefers moist, well-drained soil with partial shade
